MCx,MCy,MCz,MSx,MSy,MSz,MEx,MEy,MEz,MWx,MWy,MWz
-0.22343017160892487,0.7103711366653442,-0.08061598986387253,-0.3386678397655487,0.5468740463256836,-0.06865852326154709,-0.352742999792099,0.40681275725364685,-0.043117959052324295,0.0,-0.0,0.0
